-- --------------------------------------------------------
-- Hôte:                         127.0.0.1
-- Version du serveur:           8.0.30 - MySQL Community Server - GPL
-- SE du serveur:                Win64
-- HeidiSQL Version:             12.1.0.6537
-- --------------------------------------------------------

/*!40101 SET @OLD_CHARACTER_SET_CLIENT=@@CHARACTER_SET_CLIENT */;
/*!40101 SET NAMES utf8 */;
/*!50503 SET NAMES utf8mb4 */;
/*!40103 SET @OLD_TIME_ZONE=@@TIME_ZONE */;
/*!40103 SET TIME_ZONE='+00:00' */;
/*!40014 SET @OLD_FOREIGN_KEY_CHECKS=@@FOREIGN_KEY_CHECKS, FOREIGN_KEY_CHECKS=0 */;
/*!40101 SET @OLD_SQL_MODE=@@SQL_MODE, SQL_MODE='NO_AUTO_VALUE_ON_ZERO' */;
/*!40111 SET @OLD_SQL_NOTES=@@SQL_NOTES, SQL_NOTES=0 */;

-- Listage de la structure de table votimedata. permissions
CREATE TABLE IF NOT EXISTS `permissions` (
  `id` bigint unsigned NOT NULL AUTO_INCREMENT,
  `name` varchar(255) CHARACTER SET utf8mb4 COLLATE utf8mb4_unicode_ci NOT NULL,
  `guard_name` varchar(255) CHARACTER SET utf8mb4 COLLATE utf8mb4_unicode_ci NOT NULL,
  `created_at` timestamp NULL DEFAULT NULL,
  `updated_at` timestamp NULL DEFAULT NULL,
  PRIMARY KEY (`id`)
) ENGINE=InnoDB AUTO_INCREMENT=90 DEFAULT CHARSET=utf8mb4 COLLATE=utf8mb4_unicode_ci;

-- Listage des données de la table votimedata.permissions : ~88 rows (environ)
INSERT INTO `permissions` (`id`, `name`, `guard_name`, `created_at`, `updated_at`) VALUES
	(1, 'list agentdesections', 'web', '2023-04-18 18:25:14', '2023-04-18 18:25:14'),
	(2, 'view agentdesections', 'web', '2023-04-18 18:25:14', '2023-04-18 18:25:14'),
	(3, 'create agentdesections', 'web', '2023-04-18 18:25:14', '2023-04-18 18:25:14'),
	(4, 'update agentdesections', 'web', '2023-04-18 18:25:14', '2023-04-18 18:25:14'),
	(5, 'delete agentdesections', 'web', '2023-04-18 18:25:14', '2023-04-18 18:25:14'),
	(6, 'list agentdubureauvotes', 'web', '2023-04-18 18:25:14', '2023-04-18 18:25:14'),
	(7, 'view agentdubureauvotes', 'web', '2023-04-18 18:25:15', '2023-04-18 18:25:15'),
	(8, 'create agentdubureauvotes', 'web', '2023-04-18 18:25:15', '2023-04-18 18:25:15'),
	(9, 'update agentdubureauvotes', 'web', '2023-04-18 18:25:15', '2023-04-18 18:25:15'),
	(10, 'delete agentdubureauvotes', 'web', '2023-04-18 18:25:15', '2023-04-18 18:25:15'),
	(11, 'list agentterrains', 'web', '2023-04-18 18:25:15', '2023-04-18 18:25:15'),
	(12, 'view agentterrains', 'web', '2023-04-18 18:25:15', '2023-04-18 18:25:15'),
	(13, 'create agentterrains', 'web', '2023-04-18 18:25:15', '2023-04-18 18:25:15'),
	(14, 'update agentterrains', 'web', '2023-04-18 18:25:15', '2023-04-18 18:25:15'),
	(15, 'delete agentterrains', 'web', '2023-04-18 18:25:15', '2023-04-18 18:25:15'),
	(16, 'list bureauvotes', 'web', '2023-04-18 18:25:15', '2023-04-18 18:25:15'),
	(17, 'view bureauvotes', 'web', '2023-04-18 18:25:15', '2023-04-18 18:25:15'),
	(18, 'create bureauvotes', 'web', '2023-04-18 18:25:15', '2023-04-18 18:25:15'),
	(19, 'update bureauvotes', 'web', '2023-04-18 18:25:15', '2023-04-18 18:25:15'),
	(20, 'delete bureauvotes', 'web', '2023-04-18 18:25:15', '2023-04-18 18:25:15'),
	(21, 'list candidats', 'web', '2023-04-18 18:25:15', '2023-04-18 18:25:15'),
	(22, 'view candidats', 'web', '2023-04-18 18:25:15', '2023-04-18 18:25:15'),
	(23, 'create candidats', 'web', '2023-04-18 18:25:15', '2023-04-18 18:25:15'),
	(24, 'update candidats', 'web', '2023-04-18 18:25:15', '2023-04-18 18:25:15'),
	(25, 'delete candidats', 'web', '2023-04-18 18:25:15', '2023-04-18 18:25:15'),
	(26, 'list communes', 'web', '2023-04-18 18:25:15', '2023-04-18 18:25:15'),
	(27, 'view communes', 'web', '2023-04-18 18:25:15', '2023-04-18 18:25:15'),
	(28, 'create communes', 'web', '2023-04-18 18:25:15', '2023-04-18 18:25:15'),
	(29, 'update communes', 'web', '2023-04-18 18:25:15', '2023-04-18 18:25:15'),
	(30, 'delete communes', 'web', '2023-04-18 18:25:15', '2023-04-18 18:25:15'),
	(31, 'list departements', 'web', '2023-04-18 18:25:15', '2023-04-18 18:25:15'),
	(32, 'view departements', 'web', '2023-04-18 18:25:15', '2023-04-18 18:25:15'),
	(33, 'create departements', 'web', '2023-04-18 18:25:16', '2023-04-18 18:25:16'),
	(34, 'update departements', 'web', '2023-04-18 18:25:16', '2023-04-18 18:25:16'),
	(35, 'delete departements', 'web', '2023-04-18 18:25:16', '2023-04-18 18:25:16'),
	(36, 'list lieuvotes', 'web', '2023-04-18 18:25:16', '2023-04-18 18:25:16'),
	(37, 'view lieuvotes', 'web', '2023-04-18 18:25:16', '2023-04-18 18:25:16'),
	(38, 'create lieuvotes', 'web', '2023-04-18 18:25:16', '2023-04-18 18:25:16'),
	(39, 'update lieuvotes', 'web', '2023-04-18 18:25:16', '2023-04-18 18:25:16'),
	(40, 'delete lieuvotes', 'web', '2023-04-18 18:25:16', '2023-04-18 18:25:16'),
	(41, 'list parrains', 'web', '2023-04-18 18:25:16', '2023-04-18 18:25:16'),
	(42, 'view parrains', 'web', '2023-04-18 18:25:16', '2023-04-18 18:25:16'),
	(43, 'create parrains', 'web', '2023-04-18 18:25:16', '2023-04-18 18:25:16'),
	(44, 'update parrains', 'web', '2023-04-18 18:25:16', '2023-04-18 18:25:16'),
	(45, 'delete parrains', 'web', '2023-04-18 18:25:16', '2023-04-18 18:25:16'),
	(46, 'list procesverbals', 'web', '2023-04-18 18:25:16', '2023-04-18 18:25:16'),
	(47, 'view procesverbals', 'web', '2023-04-18 18:25:16', '2023-04-18 18:25:16'),
	(48, 'create procesverbals', 'web', '2023-04-18 18:25:16', '2023-04-18 18:25:16'),
	(49, 'update procesverbals', 'web', '2023-04-18 18:25:16', '2023-04-18 18:25:16'),
	(50, 'delete procesverbals', 'web', '2023-04-18 18:25:16', '2023-04-18 18:25:16'),
	(51, 'list quartiers', 'web', '2023-04-18 18:25:16', '2023-04-18 18:25:16'),
	(52, 'view quartiers', 'web', '2023-04-18 18:25:16', '2023-04-18 18:25:16'),
	(53, 'create quartiers', 'web', '2023-04-18 18:25:16', '2023-04-18 18:25:16'),
	(54, 'update quartiers', 'web', '2023-04-18 18:25:16', '2023-04-18 18:25:16'),
	(55, 'delete quartiers', 'web', '2023-04-18 18:25:16', '2023-04-18 18:25:16'),
	(56, 'list sections', 'web', '2023-04-18 18:25:16', '2023-04-18 18:25:16'),
	(57, 'view sections', 'web', '2023-04-18 18:25:16', '2023-04-18 18:25:16'),
	(58, 'create sections', 'web', '2023-04-18 18:25:17', '2023-04-18 18:25:17'),
	(59, 'update sections', 'web', '2023-04-18 18:25:17', '2023-04-18 18:25:17'),
	(60, 'delete sections', 'web', '2023-04-18 18:25:17', '2023-04-18 18:25:17'),
	(61, 'list suplieudevotes', 'web', '2023-04-18 18:25:17', '2023-04-18 18:25:17'),
	(62, 'view suplieudevotes', 'web', '2023-04-18 18:25:17', '2023-04-18 18:25:17'),
	(63, 'create suplieudevotes', 'web', '2023-04-18 18:25:17', '2023-04-18 18:25:17'),
	(64, 'update suplieudevotes', 'web', '2023-04-18 18:25:17', '2023-04-18 18:25:17'),
	(65, 'delete suplieudevotes', 'web', '2023-04-18 18:25:17', '2023-04-18 18:25:17'),
	(66, 'list roles', 'web', '2023-04-18 18:25:19', '2023-04-18 18:25:19'),
	(67, 'view roles', 'web', '2023-04-18 18:25:19', '2023-04-18 18:25:19'),
	(68, 'create roles', 'web', '2023-04-18 18:25:19', '2023-04-18 18:25:19'),
	(69, 'update roles', 'web', '2023-04-18 18:25:19', '2023-04-18 18:25:19'),
	(70, 'delete roles', 'web', '2023-04-18 18:25:19', '2023-04-18 18:25:19'),
	(71, 'list permissions', 'web', '2023-04-18 18:25:19', '2023-04-18 18:25:19'),
	(72, 'view permissions', 'web', '2023-04-18 18:25:19', '2023-04-18 18:25:19'),
	(73, 'create permissions', 'web', '2023-04-18 18:25:19', '2023-04-18 18:25:19'),
	(74, 'update permissions', 'web', '2023-04-18 18:25:19', '2023-04-18 18:25:19'),
	(75, 'delete permissions', 'web', '2023-04-18 18:25:19', '2023-04-18 18:25:19'),
	(76, 'list users', 'web', '2023-04-18 18:25:20', '2023-04-18 18:25:20'),
	(77, 'view users', 'web', '2023-04-18 18:25:20', '2023-04-18 18:25:20'),
	(78, 'create users', 'web', '2023-04-18 18:25:20', '2023-04-18 18:25:20'),
	(79, 'update users', 'web', '2023-04-18 18:25:20', '2023-04-18 18:25:20'),
	(80, 'delete users', 'web', '2023-04-18 18:25:20', '2023-04-18 18:25:20'),
	(81, 'can set rules', 'web', '2023-04-18 19:42:37', '2023-04-18 19:42:37'),
	(82, 'recens-parrain', 'web', '2023-04-19 14:22:16', '2023-04-19 14:22:55'),
	(83, 'recens-commune', 'web', '2023-04-19 14:25:37', '2023-04-19 14:25:37'),
	(84, 'recens-section', 'web', '2023-04-19 14:25:50', '2023-04-19 14:25:50'),
	(85, 'recens-quartier', 'web', '2023-04-19 14:26:01', '2023-04-19 14:26:01'),
	(86, 'recens-lieuvote', 'web', '2023-04-19 14:26:11', '2023-04-19 14:26:11'),
	(87, 'operateurs-view', 'web', '2023-04-19 20:14:59', '2023-04-19 20:14:59'),
	(88, 'can-set-super-admin', 'web', '2023-04-21 15:40:19', '2023-04-21 15:40:19'),
	(89, 'can-export-recens-excel', 'web', '2023-04-24 21:56:15', '2023-04-24 21:56:15');

-- Listage de la structure de table votimedata. roles
CREATE TABLE IF NOT EXISTS `roles` (
  `id` bigint unsigned NOT NULL AUTO_INCREMENT,
  `name` varchar(255) CHARACTER SET utf8mb4 COLLATE utf8mb4_unicode_ci NOT NULL,
  `guard_name` varchar(255) CHARACTER SET utf8mb4 COLLATE utf8mb4_unicode_ci NOT NULL,
  `created_at` timestamp NULL DEFAULT NULL,
  `updated_at` timestamp NULL DEFAULT NULL,
  PRIMARY KEY (`id`)
) ENGINE=InnoDB AUTO_INCREMENT=6 DEFAULT CHARSET=utf8mb4 COLLATE=utf8mb4_unicode_ci;

-- Listage des données de la table votimedata.roles : ~5 rows (environ)
INSERT INTO `roles` (`id`, `name`, `guard_name`, `created_at`, `updated_at`) VALUES
	(1, 'user', 'web', '2023-04-18 18:25:17', '2023-04-18 18:25:17'),
	(2, 'super-admin', 'web', '2023-04-18 18:25:20', '2023-04-18 18:25:20'),
	(3, 'operateurs de recensement', 'web', '2023-04-18 19:27:11', '2023-04-18 19:27:36'),
	(4, 'operateurs suivi et resultats', 'web', '2023-04-18 19:38:13', '2023-04-18 19:38:13'),
	(5, 'parrain viewer', 'web', '2023-04-19 13:01:03', '2023-04-19 13:01:03');

-- Listage de la structure de table votimedata. role_has_permissions
CREATE TABLE IF NOT EXISTS `role_has_permissions` (
  `permission_id` bigint unsigned NOT NULL,
  `role_id` bigint unsigned NOT NULL,
  PRIMARY KEY (`permission_id`,`role_id`),
  KEY `role_has_permissions_role_id_foreign` (`role_id`),
  CONSTRAINT `role_has_permissions_permission_id_foreign` FOREIGN KEY (`permission_id`) REFERENCES `permissions` (`id`) ON DELETE CASCADE,
  CONSTRAINT `role_has_permissions_role_id_foreign` FOREIGN KEY (`role_id`) REFERENCES `roles` (`id`) ON DELETE CASCADE
) ENGINE=InnoDB DEFAULT CHARSET=utf8mb4 COLLATE=utf8mb4_unicode_ci;

-- Listage des données de la table votimedata.role_has_permissions : ~192 rows (environ)
INSERT INTO `role_has_permissions` (`permission_id`, `role_id`) VALUES
	(1, 1),
	(2, 1),
	(3, 1),
	(4, 1),
	(5, 1),
	(6, 1),
	(7, 1),
	(8, 1),
	(9, 1),
	(10, 1),
	(11, 1),
	(12, 1),
	(13, 1),
	(14, 1),
	(15, 1),
	(16, 1),
	(17, 1),
	(18, 1),
	(19, 1),
	(20, 1),
	(21, 1),
	(22, 1),
	(23, 1),
	(24, 1),
	(25, 1),
	(26, 1),
	(27, 1),
	(28, 1),
	(29, 1),
	(30, 1),
	(31, 1),
	(32, 1),
	(33, 1),
	(34, 1),
	(35, 1),
	(36, 1),
	(37, 1),
	(38, 1),
	(39, 1),
	(40, 1),
	(41, 1),
	(42, 1),
	(43, 1),
	(44, 1),
	(45, 1),
	(46, 1),
	(47, 1),
	(48, 1),
	(49, 1),
	(50, 1),
	(51, 1),
	(52, 1),
	(53, 1),
	(54, 1),
	(55, 1),
	(56, 1),
	(57, 1),
	(58, 1),
	(59, 1),
	(60, 1),
	(61, 1),
	(62, 1),
	(63, 1),
	(64, 1),
	(65, 1),
	(1, 2),
	(2, 2),
	(3, 2),
	(4, 2),
	(5, 2),
	(6, 2),
	(7, 2),
	(8, 2),
	(9, 2),
	(10, 2),
	(11, 2),
	(12, 2),
	(13, 2),
	(14, 2),
	(15, 2),
	(16, 2),
	(17, 2),
	(18, 2),
	(19, 2),
	(20, 2),
	(21, 2),
	(22, 2),
	(23, 2),
	(24, 2),
	(25, 2),
	(26, 2),
	(27, 2),
	(28, 2),
	(29, 2),
	(30, 2),
	(31, 2),
	(32, 2),
	(33, 2),
	(34, 2),
	(35, 2),
	(36, 2),
	(37, 2),
	(38, 2),
	(39, 2),
	(40, 2),
	(41, 2),
	(42, 2),
	(43, 2),
	(44, 2),
	(45, 2),
	(46, 2),
	(47, 2),
	(48, 2),
	(49, 2),
	(50, 2),
	(51, 2),
	(52, 2),
	(53, 2),
	(54, 2),
	(55, 2),
	(56, 2),
	(57, 2),
	(58, 2),
	(59, 2),
	(60, 2),
	(61, 2),
	(62, 2),
	(63, 2),
	(64, 2),
	(65, 2),
	(66, 2),
	(67, 2),
	(68, 2),
	(69, 2),
	(70, 2),
	(71, 2),
	(72, 2),
	(73, 2),
	(74, 2),
	(75, 2),
	(76, 2),
	(77, 2),
	(78, 2),
	(79, 2),
	(80, 2),
	(81, 2),
	(87, 2),
	(88, 2),
	(89, 2),
	(11, 3),
	(12, 3),
	(13, 3),
	(41, 3),
	(42, 3),
	(44, 3),
	(56, 3),
	(57, 3),
	(6, 4),
	(7, 4),
	(8, 4),
	(11, 4),
	(12, 4),
	(13, 4),
	(16, 4),
	(17, 4),
	(36, 4),
	(37, 4),
	(46, 4),
	(47, 4),
	(48, 4),
	(49, 4),
	(51, 4),
	(52, 4),
	(56, 4),
	(57, 4),
	(61, 4),
	(62, 4),
	(63, 4),
	(79, 4),
	(87, 4),
	(26, 5),
	(27, 5),
	(41, 5),
	(42, 5),
	(78, 5),
	(79, 5),
	(81, 5),
	(82, 5),
	(83, 5),
	(84, 5),
	(85, 5),
	(86, 5),
	(87, 5);

/*!40103 SET TIME_ZONE=IFNULL(@OLD_TIME_ZONE, 'system') */;
/*!40101 SET SQL_MODE=IFNULL(@OLD_SQL_MODE, '') */;
/*!40014 SET FOREIGN_KEY_CHECKS=IFNULL(@OLD_FOREIGN_KEY_CHECKS, 1) */;
/*!40101 SET CHARACTER_SET_CLIENT=@OLD_CHARACTER_SET_CLIENT */;
/*!40111 SET SQL_NOTES=IFNULL(@OLD_SQL_NOTES, 1) */;
